totalAmount,paymentType,itemsCount,totalQuantity,averageItemPrice,discountPercent,orderHour,fraud
13107.284263726473,CASH,14,44,297.8928241756017,0.0,0,1
923.7642217300678,UPI,3,6,153.96070362167796,10.35993572995161,0,0
641.1021991250698,UPI,2,6,106.85036652084496,0.30214043105340815,12,0
2513.235009477012,CASH,4,9,279.2483343863347,14.895715403041741,11,0
2262.6179907127357,UPI,1,5,452.52359814254714,8.269505373098076,20,0
14958.090034817098,CASH,22,65,230.1244620741092,42.023598337589945,2,1
2463.7085332748334,CARD,2,10,246.37085332748333,13.182275262416944,12,0
1500.22456459608,UPI,4,4,375.05614114902,13.538916516514172,8,0
12153.492286431509,CASH,20,58,209.54297045571568,0.0,4,1
251.4070554049807,CARD,3,1,251.4070554049807,10.650016603243053,23,0
318.8464185793812,UPI,1,4,79.7116046448453,11.732994351950685,8,0
2367.5840743924496,CASH,1,9,263.0648971547166,8.650538708914496,10,0
1082.8047937276806,UPI,1,5,216.5609587455361,9.149165078234589,10,0
1378.3662425811613,CARD,3,2,689.1831212905806,2.16292216939443,7,0
1436.0184103786748,CASH,2,3,478.6728034595583,7.012768582170052,14,0
6659.882324478291,CASH,14,76,87.63003058524066,54.041868538431196,2,1
1694.4392446087797,CARD,3,10,169.44392446087798,8.219757378921207,12,0
186.94943616433997,CASH,4,9,20.772159573815554,17.889876680719283,11,0
1713.4052953856262,CARD,5,4,428.35132384640656,12.470181452602771,12,0
14264.152669532074,CASH,23,77,185.24873596794902,0.0,3,1
2922.316278598121,UPI,2,10,292.2316278598121,15.811925362188804,23,0
279.2347831702749,UPI,1,3,93.07826105675831,19.410977681310317,14,0
14312.750656336711,CASH,23,36,397.5764071204642,0.0,1,1
13299.171113431992,CASH,10,49,271.4116553761631,67.935182969944,2,1
5882.5474250471525,CASH,16,57,103.202586404336,60.260391378915045,0,1
2009.3150029964372,CASH,4,6,334.88583383273954,15.093809382947507,7,0
1519.4860490509977,CARD,3,4,379.87151226274943,1.12171551198613,22,0
1794.8637472303858,CASH,4,7,256.409106747198,2.123020622212044,20,0
10822.5504406637,CASH,23,32,338.2047012707406,67.52263571275807,4,1
406.29642495919484,CARD,2,8,50.787053119899355,0.06377961113220643,7,0
1129.9047166718929,CARD,2,5,225.98094333437857,3.093713766803581,20,0
7018.181716097395,CASH,12,48,146.2121190853624,0.0,4,1
1311.5979803401156,CARD,5,1,1311.5979803401156,18.043985643594077,19,0
1632.8522042598863,CARD,4,10,163.28522042598863,10.434135990652493,23,0
12626.059639510342,CASH,12,53,238.22754036811966,0.0,10,1
833.6264331552198,CARD,2,9,92.62515923946887,3.278582352359769,13,0
1192.2268336210548,CARD,4,3,397.40894454035157,3.3139372718330917,12,0
1537.355732491728,CASH,1,1,1537.355732491728,14.185416975235032,18,0
1343.694855489274,UPI,5,1,1343.694855489274,8.335299707148344,9,0
2397.3186500887796,CASH,2,1,2397.3186500887796,0.7715825007834431,13,0
2432.949151609748,CASH,4,7,347.56416451567827,14.512846864884171,3,0
1115.928260833215,CARD,1,6,185.98804347220252,16.002900467463178,4,0
1903.7768275114183,CASH,1,8,237.9721034389273,7.4102759394771915,23,0
1513.2740477238603,CASH,4,9,168.1415608582067,13.16899474569545,8,0
1381.002785374368,CASH,3,9,153.44475393048532,0.872401234977469,3,0
199.95168256316217,CASH,5,6,33.3252804271937,3.4161606394940547,18,0
11040.187351726556,CASH,15,67,164.7789156974113,51.628166435851725,3,1
1228.2825172017249,CARD,3,3,409.4275057339083,10.524609651288845,16,0
2025.2902295111226,CARD,5,3,675.0967431703742,9.265670772505434,2,0
13396.322583836918,CASH,24,55,243.5695015243076,0.0,0,1
2999.9626793103293,CARD,1,1,2999.9626793103293,13.481679318931377,20,0
9333.519400002137,CASH,17,37,252.2572810811388,0.0,14,1
2296.698040579326,CASH,4,8,287.08725507241576,9.356243361098567,8,0
1974.5906487239263,CASH,1,7,282.0843783891323,15.72882246363535,14,0
1668.5212627268506,CARD,4,10,166.85212627268507,14.168103262060189,1,0
1486.4291000153562,UPI,5,9,165.15878889059513,9.314773064423408,6,0
1289.0549126890219,CARD,5,9,143.22832363211353,7.710876369684094,7,0
1976.0895460449278,CARD,1,5,395.2179092089856,1.6076407052600716,16,0
336.6491429730279,UPI,5,1,336.6491429730279,1.8639995203540094,7,0
1734.7238167370379,CASH,3,3,578.2412722456793,6.609758676157251,10,0
2666.1821323941294,UPI,3,6,444.3636887323549,6.445496988437755,7,0
1872.5317129580815,CARD,3,1,1872.5317129580815,19.791713267678432,8,0
436.5517172702798,CASH,3,7,62.3645310386114,18.70452752599466,18,0
2768.7666322832947,CASH,3,2,1384.3833161416474,14.430077894805926,17,0
14583.173123466098,CASH,23,46,317.0255026840456,41.19544113829309,0,1
2418.990057232441,CARD,5,8,302.3737571540551,14.55031175504476,9,0
2705.019325683681,UPI,5,3,901.673108561227,13.817381883641335,18,0
1919.4336680369108,CASH,1,5,383.88673360738215,2.192202482440604,2,0
1212.8949464130205,UPI,5,8,151.61186830162757,4.232921128420751,18,0
2902.613618696144,CARD,5,6,483.76893644935734,12.239749142880799,5,0
2757.3228668692777,CASH,5,1,2757.3228668692777,7.753563007715387,14,0
1541.739101134416,UPI,1,5,308.3478202268832,8.676510542857434,21,0
8714.374320059114,CASH,13,61,142.85859541080515,0.0,4,1
1929.6800691300302,CARD,2,6,321.61334485500504,16.833732582848494,1,0
876.7394523427043,CARD,2,2,438.36972617135217,15.9072756572518,3,0
847.5898120153433,CASH,2,9,94.1766457794826,1.8589084559309543,19,0
11089.684624262587,CASH,18,66,168.02552461003918,59.50814534549821,8,1
2642.389030115844,CARD,1,4,660.597257528961,15.752917367917584,4,0
483.85333104151783,CASH,5,5,96.77066620830357,3.985277713419688,21,0
6795.921627412203,CASH,16,57,119.22669521775794,53.43084300152412,22,1
159.82416743284963,CASH,1,2,79.91208371642482,18.477965839697294,11,0
1787.1217537839134,CASH,3,8,223.39021922298917,19.81822468814443,15,0
10600.400261235125,CASH,14,76,139.47895080572533,0.0,10,1
289.18311139127786,CARD,5,9,32.131456821253096,4.558024082711032,11,0
995.2872524317287,UPI,3,7,142.18389320453267,18.278946746304737,9,0
1424.8019480405203,UPI,3,5,284.96038960810404,1.2665117504229406,13,0
1883.4687149606823,CARD,4,8,235.4335893700853,3.2022032062019923,11,0
7694.211440295787,CASH,24,34,226.30033647928784,0.0,1,1
407.741067399914,CARD,3,5,81.5482134799828,6.80531969177204,9,0
513.9535923571098,UPI,1,1,513.9535923571098,8.562390415858633,1,0
2199.736854063986,CASH,5,6,366.6228090106643,9.88813541491269,8,0
623.7618333008372,UPI,2,3,207.92061110027907,2.840325437371074,1,0
537.985285445993,CARD,3,1,537.985285445993,14.191625983539911,15,0
367.66442600617086,CASH,5,1,367.66442600617086,0.5666440543343887,21,0
422.01204218969116,CASH,5,7,60.287434598527305,11.29596347734263,19,0
2490.138515447595,CARD,2,6,415.0230859079325,4.3665733063738665,14,0
787.7293891447689,UPI,5,8,98.46617364309611,19.633262238760537,16,0
2646.589664380155,CASH,2,3,882.1965547933851,5.253147967793752,1,0
2944.915774294007,CARD,3,3,981.6385914313356,5.494002463687931,20,0
10420.860768143626,CASH,16,60,173.68101280239378,0.0,0,1
448.41937794666165,CASH,5,8,56.05242224333271,14.699613131785467,6,0
14694.609938408777,CASH,24,59,249.06118539675893,0.0,19,1
1689.4118868989578,CASH,3,6,281.56864781649296,7.572046463006481,14,0
1525.1913838082462,CARD,3,5,305.03827676164923,19.980444444065213,14,0
1829.0728470778893,UPI,4,8,228.63410588473616,19.432203358970238,5,0
1461.2939673628707,CASH,1,10,146.12939673628708,1.5274292059337768,2,0
571.9077526418309,CARD,4,1,571.9077526418309,3.4406457508645993,21,0
1864.6416277471806,CASH,3,6,310.7736046245301,9.20770942506561,9,0
2356.9470857066726,UPI,1,2,1178.4735428533363,19.97361755839069,9,0
203.98801105952208,CARD,4,9,22.66533456216912,5.486704438694416,2,0
1736.6255661109578,CARD,2,8,217.07819576386973,14.099087444852278,10,0
2025.3793888577893,UPI,4,4,506.3448472144473,12.551110383441655,8,0
2146.5695653819566,CARD,3,3,715.5231884606522,16.215406693612476,22,0
2295.8376683415036,CARD,2,2,1147.9188341707518,3.8243064769146984,21,0
14292.467202007207,CASH,21,60,238.20778670012012,0.0,23,1
1795.6148540129334,UPI,5,3,598.5382846709778,4.2960676618048215,2,0
1000.3727859999397,UPI,1,7,142.91039799999137,12.608427191349005,11,0
11031.04757521479,CASH,14,74,149.06821047587556,45.5070688888082,13,1
7914.952032827678,CASH,17,71,111.47819764546024,52.460884265616784,6,1
1803.7079069588624,CASH,4,9,200.41198966209583,6.914100483769889,11,0
1164.418106228062,CARD,1,4,291.1045265570155,5.151412167761151,22,0
2462.386529365959,UPI,5,6,410.3977548943265,11.627220899154725,9,0
2745.2588459039357,CARD,5,2,1372.6294229519679,2.955762976014058,17,0
2135.0542702607568,CARD,5,7,305.00775289439383,13.611553521576973,5,0
2210.4211624502127,UPI,2,8,276.3026453062766,4.159199203266497,12,0
1401.1601502407862,CASH,4,6,233.5266917067977,4.580342925383725,6,0
459.4561986065301,CARD,5,4,114.86404965163253,10.742579540987595,18,0
12191.39816025848,CASH,14,52,234.4499646203554,0.0,1,1
1368.0852895883581,CASH,3,1,1368.0852895883581,19.87102869953192,22,0
13460.503604531075,CASH,22,31,434.2097936945508,44.24793539181049,4,1
1694.368818265766,CASH,2,1,1694.368818265766,4.305727382173514,13,0
1601.6423778293704,UPI,2,4,400.4105944573426,17.02053078623139,4,0
2283.333228980475,CASH,3,9,253.70369210894165,1.1620289935532169,22,0
2323.5543068198867,CASH,4,3,774.5181022732955,16.69206546242122,8,0
338.45736463620676,CASH,5,7,48.35105209088668,12.97168244932166,1,0
598.2496705520198,CARD,4,6,99.70827842533663,4.978597331862589,8,0
2040.6196981908513,CARD,2,1,2040.6196981908513,19.36056145611095,8,0
9328.768869983382,CASH,20,34,274.3755549995112,42.42699798948182,1,1
6240.771283592408,CASH,12,34,183.5520965762473,65.19390202812815,8,1
1538.9530147397018,UPI,1,1,1538.9530147397018,18.4359780280269,17,0
1424.5518784141461,CARD,4,4,356.13796960353653,17.944080032024022,19,0
2607.621569696399,CASH,2,4,651.9053924240998,2.0625931367536543,10,0
11887.735647004309,CASH,24,50,237.75471294008616,41.57527933260941,0,1
470.9313266632415,CARD,5,6,78.48855444387358,9.877893864874254,19,0
914.9251229397437,CASH,2,8,114.36564036746796,0.122758355959669,21,0
2164.0289120117236,CARD,3,3,721.3429706705746,19.286062271908573,17,0
2109.1020368619666,CASH,4,6,351.5170061436611,19.223817341607557,9,0
2826.2226752614565,CASH,3,2,1413.1113376307283,11.72529516609815,7,0
1072.2365053394594,CASH,3,1,1072.2365053394594,4.188948258215905,13,0
10009.43770226961,CASH,12,54,185.35995744943722,66.15909281817393,21,1
1076.6579860562952,CASH,5,7,153.80828372232787,15.208024333679468,23,0
2319.5943199154644,CARD,1,9,257.7327022128294,15.961232862935697,3,0
1446.4772868477837,CARD,4,10,144.64772868477837,3.2128595513163716,1,0
1945.7812272040198,CASH,5,8,243.22265340050248,15.056233004620763,10,0
1755.0534909843752,UPI,4,9,195.00594344270837,2.1241206751236086,1,0
2036.3905356230493,CARD,5,4,509.09763390576234,2.634908246055372,8,0
6675.16808844644,CASH,17,43,155.23646717317303,59.48544492914903,1,1
2435.5827637896464,CASH,1,7,347.94039482709235,15.458456366964102,19,0
7907.8458800381395,CASH,14,51,155.0558015693753,42.08023539866996,1,1
2247.8737745574804,UPI,3,8,280.98422181968505,6.8561903169637155,18,0
6573.00467967265,CASH,24,57,115.31587157320439,0.0,0,1
5377.836874363757,CASH,14,52,103.41993989161071,0.0,0,1
1353.908589770494,UPI,5,3,451.30286325683136,8.15042682270966,7,0
9444.897107350487,CASH,14,45,209.8866023855664,43.437592745160025,13,1
1100.1805385807854,CASH,4,5,220.0361077161571,6.829510120139215,14,0
1149.7793295840795,CASH,2,2,574.8896647920398,7.4096306131308864,5,0
1668.4264220952864,CARD,5,1,1668.4264220952864,1.7320577215129673,17,0
2468.5475450496688,UPI,5,4,617.1368862624172,2.639948147002118,21,0
2256.014538047434,UPI,5,3,752.0048460158114,2.5500931085462697,23,0
5667.198121110405,CASH,22,42,134.93328859786678,0.0,4,1
2794.6608186300564,CARD,5,4,698.6652046575141,2.255377024217089,2,0
2539.0009738505773,UPI,3,10,253.90009738505773,8.744868289392132,8,0
1566.319508420754,UPI,5,3,522.106502806918,14.43299314209616,22,0
2952.50193837437,UPI,5,4,738.1254845935925,2.036956310934095,15,0
2986.8070079064382,UPI,5,1,2986.8070079064382,4.9879719489698315,17,0
2783.720133769209,UPI,4,10,278.3720133769209,14.130921345603017,15,0
1607.3780371443524,UPI,2,5,321.4756074288705,19.25885486420632,10,0
251.1795152869139,UPI,2,1,251.1795152869139,11.672817557168003,19,0
12122.405143676806,CASH,18,46,263.5305466016697,0.0,12,1
1517.4872906058508,CARD,4,5,303.49745812117015,16.015794679745664,21,0
2830.2053367095164,CASH,5,9,314.4672596343907,11.650547929339412,14,0
2716.170489425184,CARD,4,8,339.521311178148,12.127141474179945,8,0
557.5964881329887,CARD,3,1,557.5964881329887,18.424994002600418,7,0
2375.3001377595083,CASH,1,1,2375.3001377595083,1.9918598096992124,14,0
2997.1081047250605,UPI,3,9,333.01201163611785,7.419868987270317,2,0
7680.622521961033,CASH,12,76,101.06082265738202,0.0,1,1
455.92472011564865,CASH,3,5,91.18494402312973,0.20198770510717168,20,0
2421.217108934765,CASH,2,5,484.243421786953,7.42349234271704,15,0
6913.227132546349,CASH,22,69,100.19169757313549,59.4416152140778,2,1
2144.5442639677785,UPI,5,8,268.0680329959723,10.002456071321417,8,0
2649.2626529557915,UPI,5,1,2649.2626529557915,15.317156993410794,13,0
1442.7103911498757,UPI,4,7,206.10148444998225,18.134149419072717,11,0
920.8919676079857,CASH,4,2,460.4459838039929,2.5975501762721187,15,0
10449.535230757985,CASH,23,60,174.15892051263307,0.0,0,1
1942.1730337225924,UPI,4,2,971.0865168612962,8.94651636828958,5,0
2437.7161940978513,CASH,1,4,609.4290485244628,0.748277005605491,10,0
1389.9951552941939,UPI,3,3,463.331718431398,18.65159668957919,10,0
103.27366104200858,CARD,1,9,11.474851226889843,13.737424669537958,15,0
1313.857777454018,UPI,3,8,164.23222218175226,19.292529240044956,15,0
1895.9038702321473,UPI,1,9,210.65598558134968,5.819434452071595,0,0
807.406283966539,CARD,1,10,80.7406283966539,6.063438019756619,23,0
1786.5988105024007,CASH,2,6,297.7664684170668,0.8267259623866496,13,0
1187.8931133635374,CASH,3,4,296.97327834088435,13.966606534134595,19,0
2924.667903087486,UPI,3,8,365.58348788593577,11.682154853183892,1,0
289.2716906530136,UPI,2,2,144.6358453265068,17.031938078089475,10,0
5871.722379795644,CASH,15,44,133.44823590444645,0.0,7,1
1063.7395894854872,CASH,1,1,1063.7395894854872,18.933079867752177,15,0
7810.3539063886365,CASH,24,47,166.17774268911992,0.0,17,1
2692.080155082467,UPI,5,2,1346.0400775412336,8.075805054015701,14,0
1475.0469169549842,UPI,4,2,737.5234584774921,6.610933376706052,5,0
2777.9637686760866,CARD,2,4,694.4909421690217,18.219324847176782,12,0
1912.9841380448001,CASH,1,4,478.24603451120004,6.999126298379865,4,0
735.3618052042397,CASH,2,10,73.53618052042397,16.556641131521207,14,0
1051.9441747813692,CASH,4,10,105.19441747813691,18.688670538495323,7,0
2695.844384816153,UPI,2,8,336.9805481020191,9.116200005526043,5,0
11535.878077437315,CASH,20,52,221.84380918148685,0.0,2,1
8746.724971222575,CASH,22,35,249.90642774921642,62.19548424574409,4,1
224.69119256312155,CASH,1,1,224.69119256312155,15.410351206348134,0,0
1020.3695484983557,UPI,3,10,102.03695484983557,17.49189940939008,3,0
903.6296241590713,CARD,2,7,129.08994630843875,14.674925550450308,19,0
2800.1275961959373,CARD,1,1,2800.1275961959373,2.8332964194528887,19,0
11175.664070776122,CASH,14,77,145.1384944256639,0.0,5,1
328.9888847473827,CASH,5,1,328.9888847473827,7.797628126731151,15,0
1197.2739099908679,CARD,3,5,239.4547819981736,5.556063534536044,8,0
852.6279295308184,CARD,2,6,142.10465492180307,13.92942273651401,7,0
2968.851000133249,UPI,1,2,1484.4255000666244,3.285707815330019,5,0
6159.768299808506,CASH,18,47,131.05889999592566,0.0,2,1
10987.453594951749,CASH,20,51,215.44026656768133,43.72412727269213,2,1
1727.5736699555705,UPI,2,3,575.8578899851901,10.511398991553309,22,0
1198.1194809332267,CARD,1,9,133.1243867703585,19.451703272148293,19,0
2077.7686450486335,CARD,3,6,346.2947741747723,18.08460161142904,21,0
2085.1580621077524,CARD,4,5,417.03161242155045,3.3642627594383057,8,0
10892.313282365109,CASH,23,47,231.75134643330017,46.61498533939829,3,1
320.34259091934814,CASH,5,8,40.04282386491852,2.3374310163636935,12,0
2079.1973940883636,CARD,3,10,207.91973940883636,8.243626263680405,17,0
606.0806414010899,UPI,5,8,75.76008017513624,2.0866364545928673,17,0
1533.7026741500865,CARD,2,7,219.10038202144094,18.472618656162336,6,0
2876.8273731795543,CASH,2,4,719.2068432948886,10.509495736070269,11,0
935.8093099215735,CASH,1,4,233.95232748039336,3.934481680262485,9,0
1694.9297734664094,CARD,5,3,564.9765911554698,12.838938998335275,11,0
787.3071498057175,CARD,1,4,196.82678745142937,15.503253705780642,3,0
2090.0874689723796,CARD,4,2,1045.0437344861898,4.8537106393225375,17,0
2564.831584123032,CARD,2,7,366.404512017576,1.1008200552361092,5,0
1819.2897280721352,CARD,5,2,909.6448640360676,8.501121199551369,13,0
2586.0874153918608,CASH,1,7,369.44105934169437,17.61431450559028,2,0
692.630959867446,CASH,4,10,69.2630959867446,18.791386772893418,18,0
1636.8487412084314,CARD,2,1,1636.8487412084314,2.0128562325747557,6,0
2386.074877233336,CASH,4,1,2386.074877233336,8.63754912667909,14,0
1517.905124983553,CARD,1,4,379.47628124588823,1.6715464259136015,19,0
2410.832162169716,UPI,2,9,267.87024024107956,15.956038243938533,20,0
13017.641666326093,CASH,18,77,169.06028138085836,0.0,2,1
7525.461231380062,CASH,23,74,101.69542204567651,62.91305679274642,3,1
13673.12743400671,CASH,22,44,310.75289622742525,48.684973836312054,2,1
1178.4555018095039,CARD,4,10,117.84555018095038,6.565038257178344,6,0
1388.4500159276354,CASH,1,9,154.2722239919595,12.054671964040299,21,0
2196.7595971697156,CARD,2,10,219.67595971697156,13.309721531872988,22,0
2993.8348557503327,UPI,4,1,2993.8348557503327,0.2318321468014295,0,0
1855.3648130566987,CARD,5,7,265.052116150957,11.840688722247656,12,0
465.77248571116655,CASH,2,5,93.15449714223331,7.536759977048419,19,0
1709.284999214062,UPI,2,9,189.9205554682291,12.377681572765812,6,0
2346.0785460524157,CASH,2,9,260.675394005824,8.550514315884133,8,0
813.4204078449163,CARD,4,3,271.14013594830544,14.101246207845238,21,0
1823.501381938696,UPI,4,5,364.7002763877392,8.508998596966945,21,0
640.1655113344176,CASH,5,1,640.1655113344176,7.609808042275105,15,0
8813.04593517383,CASH,14,68,129.6036166937328,63.72239983535197,4,1
2690.227726933158,UPI,3,9,298.914191881462,7.045556136843376,2,0
2505.6300242696666,UPI,4,4,626.4075060674166,4.439878497922947,19,0
7412.273134654108,CASH,18,61,121.51267433859194,0.0,0,1
9283.40887862193,CASH,24,34,273.0414376065274,50.297139425896276,5,1
1709.1059199912977,CASH,5,8,213.6382399989122,15.603942431647974,23,0
1640.7084140238608,UPI,1,8,205.0885517529826,18.60628073109504,6,0
514.6867768667037,UPI,3,2,257.34338843335183,5.72278410968845,18,0
10740.150980115775,CASH,22,74,145.13717540696993,0.0,13,1
280.61010374452394,CASH,3,6,46.768350624087326,0.6488765020454168,8,0
2237.4491367302194,CASH,3,9,248.60545963669105,8.400761783246423,14,0
12922.942345987027,CASH,13,39,331.3574960509494,0.0,22,1
1287.749500150449,CARD,3,7,183.964214307207,18.5516240922422,14,0
13736.991348679718,CASH,24,68,202.01457865705467,47.64498564154042,0,1
12153.30340104667,CASH,15,63,192.9095777943916,55.93153928281023,3,1
919.2475056772233,CASH,3,3,306.4158352257411,3.2688565740667275,17,0
1658.4576354413075,CARD,3,7,236.92251934875821,17.84082489802691,16,0
819.839373425859,UPI,3,9,91.09326371398433,3.705396577111404,6,0
12254.49921184982,CASH,14,43,284.9883537639493,0.0,0,1
2848.1347336975773,CASH,5,3,949.3782445658591,18.48679707044656,0,0
841.3149763020533,CASH,3,2,420.65748815102666,18.03408796918803,22,0
764.6659441624892,CARD,3,5,152.93318883249782,16.313547707721263,18,0
988.0540017924338,CARD,3,7,141.1505716846334,3.681914729932765,19,0
2079.891195683429,CARD,2,6,346.6485326139048,16.485630750414742,23,0
321.77649834721177,CARD,4,7,45.96807119245882,11.022549080864682,21,0
1478.3389849577698,CASH,2,8,184.79237311972122,15.96600526664538,14,0
1689.590906372207,CARD,5,4,422.39772659305174,10.153796919910345,20,0
291.55740148856137,CASH,2,7,41.65105735550877,17.582979606993668,13,0
1720.3696824661647,CASH,5,1,1720.3696824661647,0.8746032777764801,20,0
12465.995692286006,CASH,17,35,356.1713054938859,64.61986824837511,2,1
1811.9233278059626,CASH,3,9,201.3248142006625,0.7799763043055785,12,0
2370.4402817484233,CASH,2,7,338.63432596406045,5.313078055250582,11,0
5817.3759480686185,CASH,14,67,86.82650668759132,66.388036382347,14,1
912.8745696403583,UPI,5,4,228.2186424100896,13.243012371712254,4,0
2952.0278670823773,CARD,1,10,295.20278670823774,6.8868516331450085,3,0
2272.9421426446256,CASH,3,8,284.1177678305782,0.43139205274160153,12,0
541.2270090604068,UPI,1,10,54.12270090604068,15.16907288944932,7,0
595.52274276674,UPI,5,9,66.16919364074889,8.307201264327315,8,0
1266.6740107734668,UPI,5,1,1266.6740107734668,7.568689416342382,3,0
1680.3661812174173,CARD,1,3,560.1220604058058,19.031824912070938,13,0
1374.3931700218793,UPI,4,7,196.34188143169703,7.291549089437925,18,0
5931.748654357143,CASH,20,40,148.29371635892858,0.0,3,1
1909.0298411522913,CASH,2,9,212.11442679469903,6.878808563531269,14,0
197.5634639949306,UPI,5,4,49.39086599873265,3.466751130086856,20,0
8417.545905502078,CASH,12,72,116.91035979863997,41.30731787899055,0,1
1526.14747136378,CASH,1,7,218.02106733768284,13.05018883846213,4,0
6361.083579733763,CASH,24,78,81.5523535863303,54.12629502616782,23,1
1428.7139537853918,CASH,1,2,714.3569768926959,15.860038478976286,21,0
238.7689852711368,UPI,3,9,26.529887252348534,16.829866694586517,4,0
1892.155501794398,CASH,2,7,270.30792882777115,10.76150065013299,8,0
2392.0486774073875,CASH,4,2,1196.0243387036937,3.182251756564334,6,0
7284.70574418868,CASH,16,55,132.4491953488851,49.733805000423985,10,1
2074.883481055831,UPI,2,4,518.7208702639577,4.56688713629676,11,0
1938.3785453358103,CASH,2,6,323.0630908893017,11.849232650098836,1,0
754.8255634785435,CARD,2,6,125.80426057975724,16.741454792863756,2,0
1260.8180573986997,CARD,5,6,210.13634289978327,15.366318595520704,7,0
2308.9974146931145,UPI,3,2,1154.4987073465572,6.925096794379764,6,0
1877.4730530731997,UPI,4,2,938.7365265365999,16.49929478102261,14,0
1639.9729058140279,CARD,1,6,273.3288176356713,12.083617382421874,15,0
791.1987902019713,CASH,1,4,197.79969755049282,2.992777746747328,19,0
387.8873603098858,UPI,1,9,43.09859558998731,0.12019122936681281,21,0
791.6081178004722,UPI,5,4,197.90202945011805,17.557467456869887,16,0
2151.262589848247,CARD,3,9,239.0291766498052,14.448950588736786,3,0
2696.264983547779,UPI,1,8,337.0331229434724,16.45094837674985,18,0
724.2847299996213,UPI,2,4,181.07118249990532,2.9231816700275592,22,0
1004.6434934065555,CARD,3,4,251.16087335163888,15.995110993224056,17,0
1634.2412961830196,CASH,1,10,163.42412961830195,12.666095302631653,14,0
1176.574912496954,CASH,3,2,588.287456248477,9.998184006871497,1,0
360.30167148305566,CASH,1,10,36.030167148305566,1.4205249141310383,7,0
2350.430348167979,CARD,5,1,2350.430348167979,1.9713819682768552,4,0
113.77526647099585,CARD,3,10,11.377526647099584,4.341767030671959,3,0
2493.2039537807545,UPI,1,10,249.32039537807546,7.13895535941409,1,0
1460.8892086490869,CASH,2,7,208.698458378441,8.427826308734721,16,0
2241.8700517687325,UPI,5,4,560.4675129421831,14.539874014054355,6,0
14781.188646628407,CASH,22,33,447.9148074735881,0.0,3,1
763.6894650212176,UPI,4,8,95.4611831276522,7.12392804512268,12,0
2954.8783896126697,CASH,2,1,2954.8783896126697,8.26834046316735,8,0
679.115384132809,CARD,5,10,67.91153841328091,14.853402663819535,20,0
199.91018681542343,CARD,1,9,22.212242979491492,4.854701806780087,6,0
1765.9318001038803,CARD,2,6,294.32196668398007,2.4280245272267242,11,0
9833.55166166403,CASH,15,76,129.3888376534741,52.846235792671436,8,1
2420.545854825375,CARD,1,3,806.848618275125,12.177431456289895,19,0
1865.6002236793151,CARD,1,4,466.4000559198288,5.471670794586396,16,0
9334.03916607826,CASH,13,53,176.1139465297785,47.42183742050305,15,1
1848.50597452697,UPI,4,6,308.08432908782834,17.405362062555692,16,0
2144.1067950612514,CASH,4,3,714.7022650204171,6.4797081224578275,23,0
2468.9586257839774,CARD,4,8,308.61982822299717,15.760027340915936,17,0
1409.7939623842315,UPI,3,4,352.44849059605787,3.346869254409679,23,0
1414.5926927986231,UPI,3,3,471.53089759954105,12.581440683148,13,0
1235.2938578090072,CARD,3,9,137.25487308988968,4.528692086636557,7,0
2181.6346624954376,CARD,3,6,363.60577708257296,6.6803207813459515,14,0
1755.248741738461,CASH,3,3,585.0829139128203,0.5957760169325388,19,0
13477.079632804089,CASH,16,34,396.3846950824732,61.311766852588434,4,1
2592.9553877873923,CASH,2,2,1296.4776938936961,0.5971091931722738,14,0
1228.8667630872812,CARD,4,6,204.81112718121355,14.902113916709002,9,0
13939.562791629769,CASH,23,48,290.4075581589535,61.26902597360978,21,1
2147.6072004762277,CARD,2,6,357.93453341270464,3.4739094025705874,15,0
2158.9377140262136,CASH,5,6,359.82295233770225,2.762978026253584,19,0
638.3623963648897,CARD,1,7,91.1946280521271,18.35977549616796,19,0
8848.267787207182,CASH,15,45,196.62817304904848,54.30685512129708,20,1
2721.608478485067,UPI,2,5,544.3216956970134,16.264946120043273,23,0
11613.828206720893,CASH,13,63,184.3464794717602,0.0,14,1
604.3730398463842,UPI,2,5,120.87460796927685,0.5354392152640064,12,0
8464.525292902239,CASH,12,30,282.1508430967413,0.0,4,1
2558.261278400202,CARD,1,8,319.7826598000253,15.795100940240827,0,0
2072.6525056546916,CASH,4,3,690.8841685515639,8.084487203447658,19,0
1032.8909055922006,CARD,3,5,206.5781811184401,13.561813153885069,11,0
841.6931993316467,CASH,1,2,420.84659966582336,4.714026194027305,23,0
294.89806205294104,CASH,4,8,36.86225775661763,3.6451707193791427,11,0
650.1724840675284,CARD,5,7,92.88178343821835,12.421172555195447,23,0
909.391209118049,CASH,2,9,101.04346767978322,4.099356937376815,7,0
670.7129826342334,UPI,1,4,167.67824565855835,1.0984797400086355,0,0
6283.901987391637,CASH,23,37,169.8351888484226,0.0,5,1
2459.0593622119914,CASH,1,1,2459.0593622119914,5.72352488479265,6,0
586.4328783553437,UPI,4,6,97.73881305922396,6.157904387525919,17,0
2077.341854271258,UPI,5,5,415.4683708542516,17.012583705766183,0,0
1687.6093102064212,CARD,1,5,337.52186204128424,19.540290916423576,9,0
11423.57515363612,CASH,21,32,356.98672355112876,40.081036526331616,3,1
2477.9847424175464,CASH,4,1,2477.9847424175464,13.972615298490412,1,0
2701.4787037388387,UPI,3,2,1350.7393518694194,18.6007373226171,0,0
5760.902685576144,CASH,20,78,73.85772673815569,45.74677553407264,15,1
1661.2805684759085,CASH,2,9,184.5867298306565,7.175501601465317,12,0
10013.379243291809,CASH,23,36,278.14942342477246,64.22523706604136,2,1
620.8424668343964,UPI,5,7,88.69178097634234,1.7783071922831395,15,0
292.02638562137287,CASH,1,5,58.405277124274576,1.5960389299322864,15,0
2540.225347625975,CASH,3,9,282.24726084733055,18.871260965570443,7,0
2754.767926267496,UPI,3,6,459.1279877112493,10.329675865478505,5,0
1904.581092423308,CARD,1,8,238.0726365529135,8.434961482528449,19,0
6359.340015427054,CASH,22,36,176.6483337618626,0.0,0,1
2856.139021594735,UPI,3,9,317.3487801771928,16.60239593277883,21,0
13602.309329934798,CASH,22,48,283.3814443736416,50.806811700221246,0,1
474.7791737048937,CARD,4,5,94.95583474097874,0.8617372518536226,3,0
2990.483198591287,CARD,1,1,2990.483198591287,8.428033278714992,3,0
12096.791814594642,CASH,12,50,241.93583629189285,0.0,3,1
10613.95477609778,CASH,20,34,312.1751404734641,60.37587874843373,3,1
1797.5338307474333,CASH,1,3,599.1779435824777,10.689183978182221,10,0
1922.2630130963346,UPI,3,1,1922.2630130963346,5.912943549073983,5,0
2029.5701617750497,CARD,5,3,676.5233872583499,17.15387846818793,20,0
862.3575618230375,CARD,2,5,172.4715123646075,3.085421789467988,20,0
2349.307858623312,CARD,3,5,469.8615717246624,6.675934036530822,17,0
1181.577599225936,CARD,4,3,393.85919974197867,17.93046625943412,21,0
257.09898092997213,CARD,1,10,25.709898092997214,17.340800855788842,7,0
410.71947198714673,CASH,5,8,51.33993399839334,11.97116241911341,11,0
13451.110648865984,CASH,22,42,320.2645392587139,53.52677911168382,3,1
10961.019692717495,CASH,12,31,353.5812804102418,0.0,1,1
12031.67688926965,CASH,10,49,245.5444263116255,54.64218071145415,13,1
2193.1975742689933,CARD,2,10,219.31975742689934,13.777317638912823,14,0
126.2393670879851,UPI,4,7,18.034195298283585,0.14691881900873227,20,0
2022.439627749113,UPI,4,6,337.07327129151884,8.360701748955574,11,0
1977.0309795604517,CARD,5,6,329.5051632600753,8.223163663901252,22,0
10325.527348856409,CASH,11,71,145.4299626599494,0.0,1,1
2014.895504575726,CASH,2,4,503.7238761439315,12.503485968553651,20,0
2005.7659529341825,CARD,4,9,222.8628836593536,3.1810417206729102,14,0
1094.8804368782075,CARD,2,6,182.48007281303458,18.149299268821387,1,0
7911.323660553361,CASH,10,31,255.20398905010842,0.0,3,1
6274.793265816566,CASH,20,68,92.27637155612598,0.0,18,1
2623.135982869112,UPI,3,10,262.3135982869112,3.859039176701118,5,0
12618.932633431035,CASH,15,44,286.793923487069,41.026897234075044,6,1
917.0574539653513,CASH,5,10,91.70574539653514,0.0226252502018065,0,0
788.9732081448448,CASH,1,9,87.66368979387164,16.10012101661607,16,0
2004.8152314989095,UPI,3,8,250.6019039373637,8.061634812273216,1,0
1470.651458624356,CARD,5,4,367.662864656089,16.7423564588905,0,0
2569.226301712606,UPI,2,2,1284.613150856303,9.6381555747311,14,0
2290.138870577565,CARD,1,1,2290.138870577565,12.37618844171006,7,0
1951.8108352767624,CASH,5,10,195.18108352767624,12.984716881974858,17,0
2499.9244678986347,UPI,1,7,357.1320668426621,4.509758592372066,20,0
1870.2706515177103,CARD,3,5,374.0541303035421,7.267245946257579,18,0
1743.2004479571801,UPI,4,3,581.0668159857267,10.52222637877571,14,0
13132.148839235382,CASH,17,45,291.82552976078625,0.0,2,1
2612.028372702966,CASH,3,6,435.338062117161,12.652940556333723,14,0
1744.304972267286,UPI,4,4,436.0762430668215,5.281858791252125,20,0
1972.3639956198451,CASH,4,3,657.454665206615,18.60074643397326,16,0
718.7460458153704,CASH,2,6,119.79100763589507,17.524252172835336,22,0
2258.507340983802,CASH,5,4,564.6268352459505,15.878396161264858,11,0
1031.0297877817125,CASH,2,4,257.7574469454281,9.870535410165013,20,0
2950.569257880653,CARD,4,6,491.7615429801088,6.137217621636095,10,0
2276.811586866045,UPI,1,6,379.46859781100756,10.821548374344317,19,0
10999.816224938055,CASH,12,64,171.8721285146571,57.52825472214362,1,1
1294.7643728054393,CARD,2,1,1294.7643728054393,7.791317993208009,14,0
899.2149076127771,CARD,5,3,299.73830253759235,18.029658953548772,20,0
428.8761733958485,UPI,2,7,61.2680247708355,18.046873579368235,10,0
1297.6176813064199,UPI,5,2,648.8088406532099,7.378792569379085,6,0
5834.595065233827,CASH,21,66,88.40295553384587,0.0,1,1
1163.0748021731151,CASH,1,6,193.84580036218586,19.240439771739652,8,0
2731.2508241037885,UPI,5,10,273.12508241037887,8.888738400390153,20,0
1576.4793344841873,CARD,1,5,315.2958668968375,3.021152273926504,14,0
2309.8797296335083,CASH,3,8,288.73496620418854,14.471648624308799,13,0
1589.3071682620835,CARD,2,1,1589.3071682620835,2.47542789741668,10,0
250.793718875389,CARD,2,5,50.1587437750778,12.023074709153951,15,0
549.9898522167827,CARD,1,10,54.99898522167827,13.112307325903746,16,0
2963.7300524253737,CASH,2,7,423.3900074893391,7.161624863869623,1,0
1994.2935170768349,UPI,5,5,398.85870341536696,11.158576860710511,13,0
1952.787973251905,UPI,4,9,216.9764414724339,17.54125682263097,21,0
1575.369303808783,UPI,3,2,787.6846519043914,13.595882488009813,23,0
9074.260600425896,CASH,12,60,151.23767667376492,52.4839397068718,4,1
8617.410078562356,CASH,20,78,110.47961639182508,0.0,1,1
1319.7806689555036,UPI,2,8,164.97258361943796,2.389414575470026,7,0
416.5970231245559,CASH,1,10,41.65970231245559,17.728241036756987,6,0
1701.9449404460709,CASH,1,5,340.3889880892142,10.768464367766182,18,0
2620.8664401403344,CASH,3,7,374.4094914486192,12.710614831788279,15,0
14152.36503754078,CASH,19,34,416.24603051590526,0.0,5,1
1642.0333587352914,UPI,3,10,164.20333587352914,7.589721685373327,7,0
261.49246923689327,CARD,3,6,43.58207820614888,7.405098762144751,18,0
12031.436766487213,CASH,24,49,245.53952584667783,40.45025629010122,1,1
2961.833854672812,CARD,5,6,493.638975778802,18.864780573130286,4,0
2486.161034436158,UPI,3,9,276.2401149373509,17.558642974197053,22,0
418.26157442715885,UPI,5,10,41.82615744271588,5.823476681933702,22,0
2689.024001765261,CASH,3,6,448.1706669608768,14.461670492439445,2,0
1315.211612857244,UPI,5,10,131.52116128572442,12.000706662402859,12,0
1599.409811584171,CARD,5,7,228.48711594059586,9.780673217199867,13,0
1490.6322515919878,UPI,1,6,248.43870859866465,4.04891506791486,23,0
321.30862109823545,CARD,3,10,32.130862109823546,17.41322270002154,10,0
2361.315516361729,CASH,4,1,2361.315516361729,2.5909713997579242,23,0
2501.4267576442394,UPI,1,7,357.3466796634628,13.255097771845568,14,0
1391.5573256688294,CASH,4,3,463.8524418896098,6.43285651218484,22,0
10487.463861921708,CASH,17,60,174.7910643653618,57.39751958502471,6,1
9892.809711017933,CASH,14,61,162.17720837734316,0.0,2,1
332.10392106540854,CARD,5,8,41.51299013317607,18.296575693560822,2,0
11121.195724461986,CASH,20,35,317.74844927034246,67.23035452256613,4,1
1774.9201394714473,UPI,5,7,253.56001992449248,1.7428044041730018,23,0
1524.0853418868417,CARD,1,3,508.0284472956139,2.300352181610632,16,0
2882.619598118041,CARD,2,8,360.3274497647551,6.535752107933894,20,0
2708.803778735787,UPI,2,10,270.8803778735787,0.032086922561196385,13,0
2837.7759876856276,UPI,3,3,945.9253292285425,11.190863430672575,7,0
1954.3242635068495,CARD,3,4,488.5810658767124,14.032763855586076,11,0
259.01972419125684,UPI,1,1,259.01972419125684,13.994638382406261,18,0
972.6800433371036,UPI,1,4,243.1700108342759,15.802962241723094,9,0
2354.758223684804,CARD,1,8,294.3447779606005,4.679435313595254,9,0
606.2908761927524,CASH,2,5,121.25817523855048,7.944090075630652,20,0
665.4388672653187,CASH,2,4,166.35971681632967,19.402462163899145,15,0
272.35101105739227,CARD,5,4,68.08775276434807,4.846607273368793,0,0
1095.1092338384647,CASH,3,4,273.77730845961617,12.810507777797735,7,0
1575.7648403328692,CARD,4,5,315.15296806657386,4.674801656746719,2,0
2414.607375301373,CARD,3,5,482.9214750602746,0.7136920213119824,14,0
163.0095816676158,UPI,4,6,27.1682636112693,11.360189881753657,17,0
1325.478093316483,CARD,5,8,165.68476166456037,8.315531904981947,22,0
2903.570890063754,CARD,4,7,414.79584143767914,11.618176355715786,19,0
2588.6646297982293,CASH,5,10,258.8664629798229,18.296689788599675,22,0
2955.5540970485094,UPI,4,10,295.55540970485094,1.0456488305569822,4,0
8712.091196635643,CASH,23,51,170.82531758109104,54.58054867655184,1,1
5907.797416246076,CASH,17,48,123.07911283845992,41.437160327091156,0,1
2815.888400920699,UPI,3,9,312.8764889911888,17.27157913968935,20,0
523.889821855048,UPI,3,5,104.7779643710096,15.221001589539982,20,0
7410.415038601182,CASH,11,57,130.0072813789681,43.02298363530235,2,1
338.56309754499546,CARD,5,10,33.85630975449955,9.354989720960127,22,0
851.8679847821198,CARD,1,10,85.18679847821198,14.654399051515693,17,0
915.1899611025932,CASH,2,3,305.06332036753105,16.996996820553786,8,0
1040.9279209575166,CASH,1,10,104.09279209575166,3.0039631629501806,20,0
1228.5829121706863,CASH,5,3,409.5276373902288,1.9684771022133662,1,0
1621.7160753655003,CASH,2,4,405.42901884137507,14.164004308694306,1,0
1219.4327096224774,UPI,2,4,304.85817740561936,12.369408831631594,6,0
733.7992955410629,CASH,2,3,244.5997651803543,18.118168877112364,0,0
281.7339124370252,CARD,4,7,40.24770177671788,19.660257679987513,10,0
2627.901105991337,CARD,1,1,2627.901105991337,13.836534009440077,0,0
5469.2278315091835,CASH,11,79,69.23073204442004,0.0,2,1
296.8875315691731,CASH,3,8,37.11094144614664,18.96564570680846,22,0
6907.262315431304,CASH,15,44,156.98323444162054,54.25877046405692,0,1
2573.3289983274813,CARD,1,5,514.6657996654963,3.632255984922108,17,0
6164.40851211037,CASH,22,70,88.06297874443385,52.551267372967395,0,1
337.6709252459949,UPI,5,7,48.2387036065707,18.530526012665586,16,0
1079.9419134999173,UPI,1,10,107.99419134999172,19.06493822125856,23,0
8795.22275035885,CASH,22,58,151.6417715579112,45.04544239698261,11,1
935.2110718498134,CARD,2,5,187.04221436996266,8.414622581059222,15,0
103.1504667017476,UPI,2,5,20.63009334034952,7.23171642236796,18,0
2408.180915372304,CARD,2,6,401.363485895384,9.24580344967848,17,0
14266.925525122568,CASH,21,45,317.04278944716816,0.0,11,1
1638.9234337538055,CARD,5,10,163.89234337538056,19.689792329145753,8,0
7236.685454915494,CASH,21,53,136.54123499840554,0.0,1,1
736.7290928649758,CASH,5,5,147.34581857299514,15.844563936629488,11,0
7707.103102234409,CASH,18,72,107.04309864214457,43.00042796419701,3,1
2931.1862255606725,CARD,3,8,366.39827819508406,3.0480697530010437,14,0
14390.059867725908,CASH,17,44,327.0468151755888,0.0,2,1
1119.0443071432678,CARD,5,10,111.90443071432678,18.43575547745484,23,0
2284.523087734409,UPI,4,2,1142.2615438672044,1.1617715052458366,8,0
914.0967803307818,CASH,3,8,114.26209754134773,4.912159893403185,12,0
1776.8952532011385,CARD,4,1,1776.8952532011385,16.13458316159943,7,0
890.4691697057428,UPI,5,4,222.6172924264357,3.744075559079394,16,0
1452.3373847498813,CASH,3,10,145.23373847498812,13.30446492353262,12,0
2974.259097124388,CARD,4,6,495.7098495207313,11.535210605418978,6,0
2666.7175285538788,UPI,5,9,296.30194761709765,3.2804665211054007,22,0
2025.525149495729,UPI,5,9,225.0583499439699,9.734249642275186,8,0
2872.6743653003373,UPI,1,2,1436.3371826501686,5.979119786436533,15,0
8071.376062150966,CASH,13,60,134.52293436918276,46.62810029664832,4,1
1144.818979415963,CARD,3,1,1144.818979415963,13.08614172350666,0,0
1432.9621998977177,UPI,2,9,159.21802221085753,3.7640643870005586,11,0
6510.505046562728,CASH,18,62,105.00814591230207,0.0,6,1
2130.6891183060898,CARD,2,4,532.6722795765224,12.815418824456604,7,0
11862.723435515782,CASH,17,65,182.50343746947357,50.23388763749087,5,1
561.3456773136835,CARD,1,9,62.37174192374261,3.6377673440593528,21,0
194.24868605576472,CARD,4,10,19.42486860557647,5.901297492477906,7,0
2036.6989858140255,CASH,5,2,1018.3494929070127,6.7000660066125395,0,0
2860.834128889517,CARD,4,9,317.8704587655019,3.359504004811058,3,0
871.3905056516126,UPI,3,2,435.6952528258063,14.875909364546981,12,0
506.6452125817856,UPI,5,5,101.32904251635712,6.181382398958664,4,0
1056.9593606931062,CARD,4,8,132.11992008663827,2.3477318416233506,19,0
1613.9728630185953,CASH,4,10,161.39728630185954,1.4161116845891208,2,0
10556.102138314141,CASH,11,37,285.3000577922741,0.0,5,1
2698.9600781287654,CASH,4,6,449.82667968812757,1.1701911473897364,18,0
2884.7928160662427,CASH,3,1,2884.7928160662427,16.952692680123697,7,0
2225.8671645260115,CASH,4,5,445.1734329052023,19.681121754026528,7,0
1121.9137812605068,UPI,3,9,124.65708680672297,5.232583345418242,15,0
908.4189195418932,CARD,3,3,302.8063065139644,15.846692619532494,7,0
1155.1988586228235,UPI,3,6,192.53314310380392,19.456136829878826,4,0
1863.2971252424952,CASH,2,4,465.8242813106238,1.1209018233786416,21,0
2298.194532417833,CARD,4,9,255.3549480464259,2.8399975381201936,12,0
1632.8410028080284,CASH,5,6,272.1401671346714,19.685796729031857,15,0
871.6996037889019,UPI,5,10,87.16996037889018,13.56034326727138,21,0
2991.51957996817,UPI,4,1,2991.51957996817,1.4469349860150382,12,0
336.88971507955694,CARD,5,6,56.14828584659282,19.43444739914615,20,0
5791.888605279486,CASH,20,76,76.20906059578272,0.0,0,1
1954.2538977260922,CARD,1,1,1954.2538977260922,14.60934579410245,3,0
2846.6095995090272,CARD,5,6,474.43493325150456,3.8374510713992405,10,0
14896.023774872803,CASH,20,65,229.16959653650466,0.0,3,1
7848.315915787569,CASH,24,78,100.61943481778934,45.98432918508522,2,1
317.60147700859886,UPI,2,1,317.60147700859886,8.941017371326389,21,0
2970.5849496581113,CARD,4,3,990.1949832193704,0.2323875627312555,8,0
129.79945666487396,CARD,1,6,21.633242777478994,19.9398682148548,10,0
2113.896320436051,CASH,3,10,211.3896320436051,4.885265070720763,14,0
1392.1083550060703,CARD,5,3,464.0361183353568,3.2035879003636003,7,0
1449.2256833373253,UPI,5,5,289.84513666746506,2.8407957635545356,20,0
293.91506734780097,CASH,2,8,36.73938341847512,12.106382376538335,6,0
11171.225811948892,CASH,16,33,338.5219943014816,0.0,4,1
6702.727092290106,CASH,16,44,152.33470664295695,49.082016213004074,4,1
14875.353655946034,CASH,16,75,198.3380487459471,0.0,2,1
2695.510334118856,CASH,1,1,2695.510334118856,18.0416886430506,13,0
452.6907654818938,CASH,5,9,50.29897394243264,17.048277124913433,14,0
5543.565916768379,CASH,18,58,95.57872270290308,0.0,20,1
2355.1480387039464,UPI,1,9,261.6831154115496,16.515118911106335,13,0
5614.384816504492,CASH,13,73,76.90938104800674,0.0,0,1
5673.422474040698,CASH,11,47,120.71111646895102,50.64404830252293,19,1
1275.828975544601,CARD,1,3,425.27632518153365,17.751699198161297,14,0
2053.2324723877027,UPI,4,1,2053.2324723877027,10.549931975653982,13,0
1894.529626832266,UPI,1,7,270.6470895474666,12.15779660077933,2,0
762.3276253689119,CARD,4,5,152.46552507378237,10.259941008037641,9,0
12623.516530889698,CASH,14,72,175.32661848457914,0.0,0,1
1677.1374609203701,CASH,4,2,838.5687304601851,13.881594546461058,16,0
2537.137948093911,UPI,4,3,845.712649364637,16.345242422092074,21,0
1215.448550136905,CASH,1,3,405.14951671230165,13.835796951895244,19,0
14238.62972662353,CASH,12,66,215.73681403975047,0.0,2,1
1266.5918136324183,CARD,2,7,180.94168766177404,17.662428274651084,10,0
329.4500704535234,CASH,5,3,109.81669015117446,14.301552543531006,6,0
2430.9072796140763,UPI,3,10,243.09072796140762,7.111006129731583,12,0
1033.786889836109,CARD,3,9,114.86520998178987,10.864371229853113,4,0
12148.030631699034,CASH,21,49,247.91899248365374,0.0,3,1
1362.636201107675,UPI,3,6,227.10603351794586,12.501578130900551,17,0
2665.5786215245535,CASH,3,5,533.1157243049107,0.09406424012553538,1,0
1634.0122432261885,UPI,3,1,1634.0122432261885,5.746755764192873,10,0
1316.2698534079325,CASH,1,7,188.0385504868475,13.36106744898919,7,0
1400.3651739838479,CASH,4,9,155.59613044264975,15.724700887379136,17,0
2753.6931172777904,CASH,3,3,917.8977057592634,19.505180043525975,17,0
7137.151016593594,CASH,24,60,118.95251694322657,49.518761117419224,7,1
2544.317634379608,UPI,2,9,282.701959375512,5.763712049548209,4,0
1950.5528004650805,CASH,3,3,650.1842668216935,12.523811828828773,4,0
1287.0574820076522,UPI,5,2,643.5287410038261,12.744208275648997,19,0
1126.864194598082,CARD,3,1,1126.864194598082,10.732442891095836,6,0
2532.095037190417,CASH,5,10,253.2095037190417,19.041851710410622,12,0
12933.507711715229,CASH,22,57,226.90364406517946,0.0,5,1
8443.786741055186,CASH,18,60,140.72977901758642,50.85154606291078,16,1
2675.546325572164,CARD,2,10,267.5546325572164,4.576601489508246,13,0
2148.9972357857814,CARD,5,4,537.2493089464454,16.347395260990865,1,0
7261.427332818561,CASH,21,69,105.23807728722552,0.0,8,1
12539.811554158476,CASH,12,53,236.60021800299012,0.0,8,1
1883.1466637470355,CASH,5,7,269.0209519638622,19.98947212549099,9,0
14513.650930906742,CASH,22,37,392.2608359704525,0.0,4,1
493.0154005339376,UPI,2,9,54.77948894821529,19.60668813404581,0,0
129.44094845237723,UPI,2,1,129.44094845237723,8.230031594055898,11,0
849.4465059084109,UPI,5,5,169.88930118168219,19.461460417153894,17,0
1116.1713621095755,CASH,1,6,186.02856035159593,0.8335603647462242,13,0
5897.4518419970755,CASH,24,45,131.05448537771278,0.0,16,1
11278.738468224845,CASH,16,58,194.46100807284216,51.78129581784032,8,1
1869.6290237013973,CASH,3,2,934.8145118506986,2.856852917548318,18,0
11852.162114795596,CASH,15,49,241.8808594856244,55.882425654248294,2,1
785.0277830446519,UPI,2,5,157.00555660893036,7.567113748058141,6,0
1438.5864803484922,CASH,4,4,359.64662008712304,1.9252193981106447,22,0
12948.052507768087,CASH,19,50,258.96105015536176,0.0,20,1
2610.8956040599855,CASH,2,6,435.1492673433309,12.94407514695028,16,0
541.2676484517484,UPI,2,9,60.14084982797205,1.3128420532602747,7,0
2040.4034355226652,UPI,2,9,226.7114928358517,10.123255064482077,21,0
1673.8851693044764,CARD,4,6,278.98086155074606,2.7145315789966173,12,0
1572.49033637658,CARD,5,4,393.122584094145,10.081754793192223,1,0
356.3918357407843,CASH,3,6,59.39863929013072,2.2462142680735964,13,0
424.32147933434504,CASH,5,4,106.08036983358626,16.70165166772978,5,0
970.0321630527465,CASH,2,4,242.5080407631866,14.9119628737828,6,0
13899.110162331921,CASH,16,54,257.3909289320726,0.0,1,1
9697.565769027664,CASH,13,48,202.03262018807632,0.0,22,1
1513.3776552396484,CARD,1,5,302.67553104792967,16.989382517278745,12,0
1694.6131069836965,CARD,3,1,1694.6131069836965,16.497999730980162,7,0
13965.099510921153,CASH,17,76,183.7513093542257,60.13870810525479,1,1
2398.6458030972403,CARD,3,4,599.6614507743101,9.711548917839771,1,0
1172.7838086315696,UPI,1,7,167.54054409022424,4.10379396137021,10,0
368.5367706536268,CARD,4,9,40.948530072625196,17.892647224716647,17,0
13351.541799579552,CASH,12,43,310.5009720832454,0.0,1,1
12149.775780710608,CASH,21,61,199.17665214279685,0.0,17,1
2863.6189271226212,UPI,3,1,2863.6189271226212,11.900707929966664,2,0
14058.933242578822,CASH,24,60,234.31555404298035,63.58945702138322,3,1
875.9147407549585,UPI,2,1,875.9147407549585,3.315816840569652,10,0
1798.9890035217875,UPI,5,2,899.4945017608937,19.38764430307828,13,0
7689.445958584325,CASH,14,79,97.33475896942184,50.18406083237991,4,1
1686.4407034026756,CARD,4,6,281.0734505671126,18.486612023278234,13,0
2697.7004325297316,CARD,4,7,385.38577607567595,0.39613677989236873,0,0
1145.8125809735764,CASH,3,10,114.58125809735763,4.686777681362977,9,0
1773.0515892402811,CASH,3,1,1773.0515892402811,17.86027432614131,0,0
374.83005923627337,CARD,5,8,46.85375740453417,5.720435309901797,22,0
1098.5649697090603,CARD,2,4,274.64124242726507,11.262918506457414,11,0
2287.268932088139,CASH,4,2,1143.6344660440695,12.298157252249188,6,0
1341.430982691705,CASH,5,5,268.28619653834096,4.894503997194848,11,0
7028.945334666658,CASH,21,76,92.48612282456129,0.0,11,1
1120.2586275728606,CARD,5,9,124.47318084142896,3.898631783275961,4,0
8377.358298487976,CASH,13,39,214.80405893558913,40.54311619292029,9,1
2736.257259283786,UPI,4,3,912.0857530945954,0.5872681911237931,16,0
11186.90596824424,CASH,21,44,254.24786291464181,48.5260370131592,1,1
10704.43608564604,CASH,19,62,172.65219492977485,49.67593602795877,4,1
1983.2637006161785,CASH,1,10,198.32637006161787,3.222429471123802,18,0
2617.4151513245374,CASH,5,7,373.91645018921963,6.377247464194968,5,0
1741.6338625025628,CASH,5,6,290.2723104170938,7.66733699371594,15,0
2792.3843435921913,UPI,3,7,398.9120490845988,3.42434072689225,16,0
11981.509111145278,CASH,20,63,190.1826843038933,0.0,0,1
1893.53262547589,UPI,5,9,210.39251394176554,10.024265358808586,10,0
8307.32448746972,CASH,22,56,148.34508013338785,66.0128591064645,3,1
2544.5108471711874,UPI,3,4,636.1277117927968,6.317297592629673,7,0
2806.73414355799,CARD,4,7,400.9620205082843,3.992810498271604,20,0
373.0930416356294,UPI,4,3,124.36434721187646,18.38660276276402,20,0
1217.9330629990548,CASH,3,2,608.9665314995274,10.382172225005144,14,0
629.0226068728563,UPI,5,3,209.67420229095208,8.39773495187318,12,0
706.4486478049104,CARD,5,8,88.3060809756138,7.95643826857126,16,0
1188.1982977438229,UPI,5,7,169.74261396340327,0.6694408463819479,2,0
1447.6281768862902,CASH,4,8,180.95352211078628,8.977424982259297,2,0
10756.906931032077,CASH,16,64,168.0766707973762,52.03291928716183,22,1
2193.5572227477883,CASH,2,9,243.7285803053098,13.939239340156458,7,0
1006.1123765266773,CARD,3,10,100.61123765266773,6.948809832826035,15,0
1580.3645152129943,CASH,3,7,225.76635931614206,10.459492565154978,4,0
7702.133604801735,CASH,21,54,142.63210379262472,65.57246669788206,4,1
826.3918192556132,UPI,5,4,206.5979548139033,13.073662977914076,16,0
1289.2267546846465,CASH,5,4,322.3066886711616,1.4208584279649217,9,0
6825.046330678336,CASH,12,39,175.0011879661112,56.51839949452405,3,1
345.2719630436885,CARD,2,2,172.63598152184426,16.698224229572524,13,0
237.6305317904161,UPI,5,10,23.76305317904161,15.786899016998738,2,0
2239.5578660195415,CASH,1,10,223.95578660195414,9.44079162481383,14,0
2422.3372773879155,UPI,5,4,605.5843193469789,0.5291907236212112,20,0
2976.6886760918796,CARD,2,5,595.3377352183759,5.143304183835468,8,0
1481.3158930378504,UPI,5,10,148.13158930378503,3.84230263202453,12,0
1914.455038487264,CARD,4,4,478.613759621816,12.058366490727533,10,0
766.261797902203,CASH,2,10,76.6261797902203,6.44310779476249,12,0
2159.846903756929,CARD,1,9,239.98298930632544,6.881260712179246,20,0
13724.251056586034,CASH,17,70,196.06072937980048,51.258434855035304,15,1
249.86560949944464,CARD,1,4,62.46640237486116,10.644339664430753,2,0
2121.988298895315,CASH,2,10,212.1988298895315,18.539846723633964,13,0
2104.0138534631515,CARD,5,7,300.57340763759305,10.208122848221885,5,0
1886.1627432505031,UPI,1,5,377.2325486501006,17.17522200019028,8,0
133.78832265567127,UPI,2,5,26.757664531134253,17.567210786065715,0,0
14551.018104444443,CASH,18,59,246.62742549905838,0.0,0,1
2242.4943099396114,UPI,3,4,560.6235774849029,8.06522842923846,14,0
347.3829380481177,UPI,1,1,347.3829380481177,0.11694992817737448,7,0
5848.713448140042,CASH,11,56,104.44131157392931,67.5238626227642,21,1
1643.656269457328,CARD,5,7,234.808038493904,16.48641786092854,3,0
13297.16751546285,CASH,15,64,207.76824242910703,41.133315823532115,0,1
2936.8501574273287,CASH,1,6,489.47502623788813,4.146852529898737,5,0
337.27144819808785,UPI,5,4,84.31786204952196,16.975479595943415,14,0
1147.264320119022,CARD,5,5,229.45286402380438,13.00106041672354,9,0
6532.788082179346,CASH,23,76,85.95773792341245,54.687862904981046,0,1
263.2490748872909,UPI,4,8,32.90613436091136,15.75246564692851,7,0
13923.551073805089,CASH,23,35,397.81574496585966,45.102969003933985,1,1
2190.3804131919455,CASH,2,3,730.1268043973151,11.139302001650965,2,0
1889.734428883668,UPI,3,4,472.433607220917,14.296940711945414,16,0
1204.792078932968,UPI,5,2,602.396039466484,3.403758273604318,21,0
263.00735812793766,CASH,1,9,29.223039791993074,0.42393764460992633,20,0
5828.914712639204,CASH,24,30,194.29715708797346,0.0,3,1
2364.3486427945973,UPI,4,4,591.0871606986493,16.04959919111889,6,0
453.40237449035027,CASH,2,7,64.77176778433575,11.912162310765662,4,0
590.1885686545339,UPI,2,3,196.72952288484464,3.6645923688044735,3,0
2752.7119694840494,CARD,2,6,458.78532824734157,0.6689090224705585,10,0
2022.2216723747172,UPI,4,7,288.8888103392453,15.697285818361737,4,0
432.8669501452493,UPI,3,5,86.57339002904986,15.513623588192033,12,0
454.79967924300917,UPI,5,9,50.533297693667684,1.3087376401878892,17,0
237.08575603999913,UPI,4,6,39.51429267333319,5.75746847773366,9,0
1001.1505677943552,CASH,4,2,500.5752838971776,14.362051773669926,9,0
5088.7808413268385,CASH,18,59,86.2505227343532,40.01730230111306,2,1
2017.2107439145989,CARD,2,4,504.3026859786497,1.405497351486027,16,0
1502.659533270249,UPI,2,6,250.44325554504152,2.482121282877152,17,0
1446.5402694056052,CASH,3,6,241.0900449009342,16.258165105594347,6,0
208.98882054273133,CASH,2,2,104.49441027136567,13.471066031381245,3,0
2589.280367300609,CASH,2,5,517.8560734601218,8.314874423126625,11,0
1889.611266621411,UPI,4,1,1889.611266621411,18.84111095818339,20,0
8915.261064175975,CASH,11,56,159.20109043171382,0.0,2,1
1201.120390957024,CASH,5,5,240.2240781914048,15.292497681154028,8,0
1370.5369039385432,CASH,3,3,456.84563464618105,11.3157631800803,2,0
719.9800557788187,UPI,2,3,239.9933519262729,1.7288900558331521,14,0
2995.36055351788,UPI,3,9,332.8178392797644,10.77759138749909,19,0
9653.326210014773,CASH,15,65,148.5127109233042,0.0,18,1
1095.3341421573493,CARD,5,2,547.6670710786747,2.630447556737565,22,0
531.1988504569421,CASH,2,3,177.06628348564735,10.002599806221964,19,0
2006.878171458775,CASH,1,5,401.375634291755,6.83710200930383,13,0
8639.481190485558,CASH,11,51,169.40159197030505,56.764670937407345,3,1
757.2899417666976,CARD,5,1,757.2899417666976,4.642585420476408,16,0
1972.0738696976616,UPI,1,6,328.6789782829436,1.2743055128626701,14,0
2022.8064741904673,CASH,1,6,337.1344123650779,3.337672540924068,12,0
2126.0329589931075,CASH,2,5,425.2065917986215,3.1809270247253862,20,0
498.3122342299296,UPI,2,5,99.66244684598591,9.87523201590668,5,0
12969.900368246712,CASH,24,70,185.28429097495302,41.40985871154857,20,1
7456.38769161868,CASH,17,56,133.14978020747643,0.0,5,1
2098.302945868433,CARD,2,10,209.8302945868433,15.744840339891367,7,0
2166.235699678939,CARD,4,4,541.5589249197347,13.270980760244784,2,0
1179.1046355095793,CASH,1,8,147.38807943869742,0.9803334341208192,11,0
677.7516482767976,UPI,3,7,96.82166403954251,19.238120435563935,22,0
588.4715099529958,CASH,2,5,117.69430199059916,10.69390821077551,5,0
565.693383056826,CASH,4,4,141.4233457642065,5.009358768696057,3,0
2578.0854109407046,UPI,2,5,515.6170821881409,1.700521534933157,19,0
9891.104717469407,CASH,10,76,130.14611470354484,0.0,4,1
2858.627148460504,UPI,5,7,408.37530692292916,1.8650013256401254,5,0
779.7704423906616,CASH,3,7,111.39577748438023,16.045331220116974,6,0
290.64227360463127,UPI,5,5,58.12845472092626,14.474347203473933,3,0
422.3720450225834,UPI,5,8,52.796505627822924,2.5050963713086616,22,0
1374.5079984997772,CASH,4,1,1374.5079984997772,19.25840658044836,23,0
13861.24829251681,CASH,17,58,238.9870395261519,49.89955278773948,15,1
8934.449122012846,CASH,11,48,186.13435670860096,0.0,2,1
2433.479249171898,CASH,4,3,811.159749723966,6.614598562066436,2,0
5459.813817026827,CASH,18,62,88.06151317785205,0.0,4,1
840.1161885237154,CARD,4,2,420.0580942618577,10.912763275720927,4,0
1461.347550473102,UPI,3,7,208.7639357818717,13.415912638249807,16,0
2776.743691568221,UPI,3,7,396.6776702240316,14.76187067970235,19,0
2142.3847481654,CARD,4,9,238.0427497961556,4.045074945268077,7,0
254.51575601901834,CARD,5,5,50.90315120380367,3.214577402511276,11,0
2908.660821886375,CARD,5,6,484.77680364772914,1.5560571237421517,2,0
10226.642226685457,CASH,20,41,249.4302982118404,0.0,14,1
1233.911750497401,CARD,2,7,176.27310721391444,10.366091724791222,6,0
1093.3813205841266,UPI,3,2,546.6906602920633,5.196012504578924,20,0
640.7150861121095,CASH,2,3,213.57169537070317,12.496975238213272,23,0
1689.9736748232838,CASH,5,9,187.77485275814263,3.0174186295117433,2,0
751.3339469400362,CARD,3,6,125.22232449000603,12.94829812140935,1,0
1083.4737849114317,CARD,2,5,216.69475698228635,14.395311346032567,13,0
14621.878946832532,CASH,24,75,194.9583859577671,0.0,2,1
1698.6372225618566,CARD,2,4,424.65930564046414,4.9092681752593155,17,0
2661.5106701917043,CARD,3,6,443.58511169861737,18.982471402805174,19,0
1719.2314548539089,CARD,3,8,214.9039318567386,11.284166731683328,23,0
2854.8642150739447,CASH,5,2,1427.4321075369724,16.643047423785415,12,0
404.49042943535494,CARD,2,3,134.8301431451183,8.709134881357931,2,0
2077.141123139215,CARD,5,7,296.734446162745,1.5251112186939197,14,0
1531.5862398266606,CASH,5,6,255.26437330444344,4.431051353854276,0,0
1465.2910361911665,CARD,4,3,488.43034539705553,4.538223032924778,5,0
882.6937338677759,UPI,4,5,176.53874677355518,17.160388382802992,9,0
1182.900439716019,UPI,3,10,118.2900439716019,1.9090660788392078,8,0
948.2408378937221,CASH,4,7,135.46297684196028,7.585894565121205,10,0
2156.253993450967,UPI,1,8,269.53174918137086,15.726811136479526,23,0
2315.262172391291,CARD,4,3,771.7540574637637,8.419712733540202,17,0
7185.197701563237,CASH,14,72,99.79441252171164,51.35453657828768,2,1
2486.6243834774523,CARD,5,5,497.32487669549045,11.123568088571915,18,0
2591.911326053334,CASH,3,2,1295.955663026667,6.698493142094937,15,0
775.2611865087674,CARD,2,6,129.21019775146124,10.184109188166847,4,0
2784.0031334717396,CASH,2,6,464.0005222452899,15.740127484982287,19,0
5148.724853108998,CASH,12,61,84.40532546080325,58.39967431042929,7,1
1204.228541897761,UPI,1,6,200.70475698296016,0.8113498849579992,23,0
1409.1060247862363,CASH,2,10,140.91060247862362,2.8606107674024117,22,0
9569.782341326838,CASH,12,57,167.89091826889188,57.47865777917521,5,1
12928.695553639835,CASH,24,61,211.945828748194,65.76143462818956,23,1
1961.512212835043,CASH,5,3,653.8374042783477,5.8092006383850325,15,0
11751.080907610163,CASH,19,76,154.61948562644952,60.9177461910737,18,1
2206.5279479550486,UPI,2,1,2206.5279479550486,19.535876055346407,12,0
688.3820706370465,UPI,3,10,68.83820706370464,10.514196817543205,13,0
1097.3296520193567,UPI,3,5,219.46593040387134,10.414130342361885,22,0
2624.1663401823344,UPI,2,5,524.8332680364668,9.742204791211078,8,0
1941.6588609024138,UPI,1,9,215.73987343360153,7.453516464587516,13,0
2289.5038287634397,CARD,3,9,254.38931430704886,11.700802463493927,8,0
1724.5966436042277,CARD,5,9,191.62184928935864,17.3275049613015,6,0
980.8803478151428,CARD,2,9,108.98670531279365,4.32561362233022,10,0
2134.1090062581598,UPI,4,8,266.76362578226997,6.040109504200291,14,0
12328.682029978114,CASH,22,51,241.7388633329042,0.0,3,1
759.978697685285,CASH,1,5,151.995739537057,10.585774541367307,7,0
477.366434252473,CARD,1,2,238.6832171262365,6.851233515064051,13,0
2430.4081987250474,CARD,5,8,303.80102484063093,9.912440419189096,13,0
9232.100059921988,CASH,10,46,200.69782738960842,0.0,4,1
518.8669912640685,CARD,2,7,74.12385589486692,3.7867887645386644,8,0
14773.154975444222,CASH,17,39,378.79884552421083,0.0,2,1
2786.3638148298573,CARD,4,8,348.29547685373217,13.787915963047388,10,0
1213.3884571156027,UPI,4,9,134.8209396795114,17.420970649747648,3,0
13194.739807092967,CASH,11,60,219.91233011821612,0.0,3,1
1002.5608235888787,UPI,1,4,250.6402058972197,6.7746029849518745,15,0
426.97675251498316,CARD,2,4,106.74418812874579,5.482308440842132,10,0
1697.0327332964425,CASH,3,10,169.70327332964425,17.3219734072452,22,0
1765.9885281972254,UPI,4,4,441.49713204930634,15.65408593056921,18,0
1321.26933038455,CASH,2,1,1321.26933038455,19.828423506871463,21,0
2671.059094991543,CARD,3,6,445.17651583192384,7.294845300883699,14,0
980.5026298356158,CARD,5,3,326.83420994520526,2.686715796836203,14,0
840.811688026833,CARD,3,7,120.11595543240472,2.5945071701181655,9,0
2493.5913323779796,UPI,2,9,277.0657035975533,11.948886902798879,20,0
7180.965845559588,CASH,13,39,184.12732937332277,0.0,1,1
2204.7434389139758,CASH,2,7,314.96334841628226,9.868333747265082,10,0
460.4380828492816,CARD,3,9,51.15978698325351,0.9566538402018598,6,0
2934.8082029183347,UPI,3,1,2934.8082029183347,15.218099318988896,18,0
1465.4974792850549,UPI,4,8,183.18718491063186,2.0703250531653317,19,0
1042.8829456449953,CASH,5,10,104.28829456449952,10.460737691688616,14,0
1102.5794598902573,CASH,2,7,157.5113514128939,15.494164028087862,18,0
12921.778744010935,CASH,15,61,211.83243842640877,57.0691166504122,18,1
2038.9630438297252,UPI,5,8,254.87038047871565,15.46558509959403,5,0
1336.6743936733897,CARD,2,4,334.1685984183474,10.297456872589132,6,0
1947.3554170805637,UPI,2,8,243.41942713507046,9.25718141613613,16,0
2023.4469642908398,UPI,1,8,252.93087053635497,13.908614864014684,8,0
1643.4001345624047,UPI,4,8,205.42501682030058,2.3762100679739073,18,0
1181.1245652762327,CARD,2,2,590.5622826381164,9.490829579910542,16,0
2759.1184725985368,CARD,4,5,551.8236945197074,10.137291275951627,20,0
9114.157969079777,CASH,23,47,193.91825466127185,0.0,2,1
621.2809050794324,CARD,3,4,155.3202262698581,17.844392615552195,2,0
1275.6591884521263,CARD,5,4,318.91479711303157,5.769159297682524,4,0
668.0339340340589,CARD,1,3,222.67797801135296,16.393346440291932,19,0
13884.514936382226,CASH,18,58,239.38818855831423,50.63763742221646,11,1
484.9526543495935,CASH,2,8,60.61908179369919,2.8290074116293717,10,0
1581.7351832330066,CARD,1,10,158.17351832330067,17.771880899063888,8,0
6837.969968836919,CASH,15,35,195.37057053819768,0.0,1,1
2069.271451611125,UPI,1,10,206.9271451611125,4.918944015681495,4,0
1876.6975084747328,CASH,3,2,938.3487542373664,18.73564271406204,17,0
755.851818427437,CARD,1,6,125.97530307123951,7.562369457092979,10,0
375.632125891441,UPI,1,8,46.95401573643012,5.409615989467129,15,0
2753.7549173823963,CASH,5,9,305.972768598044,9.173046814644456,8,0
7284.413842203476,CASH,13,51,142.83164396477403,0.0,0,1
1892.9595788460165,CARD,1,2,946.4797894230082,10.435477972385607,23,0
1559.0348793718913,CASH,2,10,155.90348793718914,5.238731273901951,3,0
759.9424770569382,CASH,5,9,84.43805300632647,16.31229642754555,13,0
2889.2289149553553,UPI,4,3,963.0763049851184,5.460469102575283,13,0
6701.5430976993475,CASH,24,65,103.10066304152842,42.984945066655385,8,1
961.168463898888,UPI,4,4,240.292115974722,10.72995882789069,14,0
2574.913801936158,CASH,3,5,514.9827603872316,18.039288682516045,13,0
1128.041248067248,CARD,4,5,225.6082496134496,9.514926192745534,5,0
792.6204772899168,CARD,4,10,79.26204772899169,1.1185736799705404,12,0
1123.8146869874813,UPI,1,5,224.76293739749627,11.468209850840992,2,0
1623.9685067433995,CARD,2,10,162.39685067433996,18.41203825461541,10,0
307.57560706518666,CASH,5,5,61.515121413037335,13.867587654938177,16,0
162.39381994045095,CASH,3,6,27.065636656741827,8.934854716613955,5,0
12579.374737033106,CASH,24,50,251.58749474066212,54.46846607189207,2,1
1414.2451012532454,CARD,2,3,471.4150337510818,0.4020164745947197,7,0
1513.9586165946025,CARD,2,1,1513.9586165946025,16.9410650245269,6,0
2535.418014551325,UPI,5,2,1267.7090072756625,5.210981840374727,22,0
2795.4683257439965,CASH,3,8,349.43354071799956,4.209766881982264,10,0
235.7068153175769,CARD,1,8,29.463351914697114,13.716206898059976,4,0
2571.7385186112297,CARD,3,4,642.9346296528074,5.54166908167865,16,0
392.9468620309713,UPI,4,2,196.47343101548566,14.339679792753792,14,0
254.54002647502438,CARD,5,2,127.27001323751219,6.407477264463147,0,0
2719.101995978662,UPI,1,9,302.12244399762915,8.25687207200209,14,0
8425.340217090818,CASH,24,40,210.63350542727045,0.0,11,1
11580.159117600033,CASH,24,65,178.1562941169236,41.46812041011066,2,1
259.75786923978677,CASH,4,9,28.86198547108742,17.334479189775248,12,0
1959.1199056706437,CASH,4,3,653.0399685568813,6.398634674865676,14,0
2160.522873827677,CASH,4,1,2160.522873827677,14.730873711175443,4,0
1080.102373572152,CASH,3,5,216.02047471443038,6.215589127556587,19,0
6372.198306475755,CASH,19,52,122.54227512453375,42.334573192374236,1,1
1697.8477418977627,UPI,1,7,242.5496774139661,16.185114732908993,7,0
1789.3863850508876,CASH,3,4,447.3465962627219,4.5337634263957405,7,0
1313.382264699243,UPI,4,9,145.93136274436034,8.03850938403192,15,0
2926.109975107153,CARD,2,4,731.5274937767882,11.507476536810488,2,0
5823.061425919146,CASH,14,46,126.58829186780753,0.0,17,1
610.7418587714474,CARD,1,10,61.074185877144735,15.708207948597636,20,0
886.6861266762394,CARD,3,5,177.33722533524787,1.3212891981713693,9,0
1367.0928130587745,CASH,3,8,170.8866016323468,17.440177116619274,7,0
1322.7940014759013,UPI,2,9,146.97711127510013,12.838172533720552,2,0
7421.831228866089,CASH,20,30,247.3943742955363,44.08273052408709,3,1
2690.665177865378,UPI,2,9,298.9627975405976,7.2446169959463464,22,0
2803.672396098899,CASH,3,4,700.9180990247247,13.86057851678377,15,0
2238.644872512546,CARD,1,2,1119.322436256273,3.6303825039245896,7,0
1387.7842242872753,UPI,5,1,1387.7842242872753,15.067554056917043,23,0
1654.6965367077369,CARD,4,8,206.8370670884671,0.139239269170921,13,0
10126.908407924348,CASH,21,78,129.83215907595317,0.0,9,1
1469.8960170774099,CARD,5,10,146.98960170774097,7.523177613634848,1,0
2530.1988501941473,CARD,4,2,1265.0994250970737,1.1271875391531783,18,0
12338.867566186349,CASH,21,42,293.782561099675,64.53607524475409,4,1
2056.9051119846536,UPI,1,1,2056.9051119846536,2.01211998544768,4,0
13867.059967278232,CASH,10,64,216.67281198872237,0.0,10,1
2651.6363603200625,CASH,3,8,331.4545450400078,9.341692818830401,8,0
10660.144146024242,CASH,12,73,146.02937186334577,0.0,1,1
2513.503215171117,CARD,3,8,314.18790189638963,13.838351160207685,6,0
176.87907816205663,CARD,2,5,35.375815632411324,5.908470125998358,3,0
2827.4540938850623,CASH,4,10,282.74540938850623,10.070851839558541,0,0
2965.717607574405,UPI,5,5,593.1435215148811,5.380444119174799,3,0
540.843376004129,CARD,1,10,54.0843376004129,6.692834245979721,8,0
10501.282985257869,CASH,16,36,291.7023051460519,56.236722714162084,4,1
1931.4108799827532,UPI,4,9,214.60120888697259,19.42706924860911,19,0
7026.734712695775,CASH,10,31,226.6688616998637,0.0,3,1
1510.902359795151,CARD,2,4,377.72558994878773,0.3839192407130132,14,0
1636.1799373194665,UPI,2,8,204.5224921649333,16.959012961978818,18,0
1492.7982543818416,UPI,4,5,298.5596508763683,12.891328098943113,17,0
724.1450773234169,CARD,4,10,72.41450773234169,14.562556420729146,0,0
6528.604046395573,CASH,19,59,110.65430587111142,0.0,4,1
12592.701395049231,CASH,11,74,170.17164047363826,51.37460032690771,2,1
1277.0630902186936,UPI,5,5,255.41261804373872,7.548849650529636,14,0
1928.1987210552697,CARD,5,1,1928.1987210552697,0.9190851967378255,17,0
2596.2472670814277,CASH,4,3,865.4157556938093,17.636828047393717,6,0
2245.0313386783027,CASH,3,5,449.0062677356606,10.152031796288462,12,0
1289.694101769412,CASH,2,9,143.2993446410458,5.486060426068759,6,0
826.2017859346122,CARD,3,4,206.55044648365305,6.88887878202086,9,0
5868.064547335147,CASH,12,64,91.68850855211167,56.22907955821243,3,1
2783.3141103506514,CASH,2,9,309.2571233722946,6.218516507808907,4,0
1611.3827087705595,CASH,1,4,402.84567719263987,4.544655127871562,1,0
884.5261532621913,CASH,4,1,884.5261532621913,1.6532327400995839,14,0
13214.255815600227,CASH,14,73,181.01720295342776,59.49014840533856,3,1
14597.799254772866,CASH,16,47,310.59147350580565,46.05520521758777,2,1
1172.2651631039728,UPI,5,8,146.5331453879966,14.530549972501499,19,0
2159.20331255887,CASH,1,9,239.9114791732078,8.60887800527681,5,0
1122.5493792104455,CASH,3,4,280.6373448026114,7.704245226304833,23,0
1457.0968834047076,CARD,3,2,728.5484417023538,3.9754576887374626,11,0
2836.297533262888,CARD,2,5,567.2595066525776,19.51322838975487,8,0
2393.362110864337,CASH,2,1,2393.362110864337,3.354724849693016,6,0
1454.203832049595,CASH,1,4,363.5509580123987,14.843346924830454,15,0
1194.5723066141638,CARD,3,8,149.32153832677048,13.677157187256539,5,0
535.9256210841161,UPI,1,1,535.9256210841161,11.365275221559097,3,0
185.29689746849806,UPI,2,6,30.882816244749677,9.321667305197767,20,0
2818.9477660466728,CASH,3,10,281.8947766046673,0.9284040734357046,21,0
2235.215402458158,CASH,1,2,1117.607701229079,18.36746156922433,13,0
2426.3680067700607,CARD,1,7,346.6240009671515,15.183174021932489,9,0
1374.5402837611957,UPI,5,9,152.7266981956884,10.911305757537885,9,0
437.3050403940813,CARD,5,3,145.7683467980271,2.6592122670528062,13,0
142.49213085905677,CARD,4,7,20.35601869415097,12.956590232062275,3,0
2232.068720879188,UPI,4,7,318.86696012559827,18.82574016706102,17,0
1002.7526429514642,UPI,1,8,125.34408036893302,13.785280716443305,2,0
5784.00377869588,CASH,21,55,105.16370506719782,0.0,3,1
11019.658158251761,CASH,12,63,174.91520886113906,0.0,13,1
13398.020774509347,CASH,12,36,372.1672437363707,0.0,4,1
1986.7594727891758,CASH,2,2,993.3797363945879,2.388755532114386,20,0
359.84390291034816,UPI,2,2,179.92195145517408,19.454581322646774,14,0
1105.8645116582327,UPI,4,9,122.87383462869252,5.85368174133248,17,0
2597.384173756543,CARD,1,4,649.3460434391358,2.3675987655616892,5,0
2480.3318059463695,UPI,4,10,248.03318059463695,5.956849021927164,15,0
2195.9544605777314,CARD,5,3,731.9848201925771,14.938922404441382,18,0
6152.402794945732,CASH,24,68,90.47651169037842,49.181709056005374,6,1
2222.9436561419307,CARD,4,7,317.56337944884723,8.143957085516533,20,0
2049.423881938761,UPI,1,10,204.9423881938761,1.898367544391324,10,0
2035.5516209967786,CARD,3,10,203.55516209967786,7.768739738407109,20,0
2609.674815579848,CASH,1,4,652.418703894962,10.411952806342818,1,0
1728.8796934611962,CASH,5,9,192.0977437179107,16.435925475842478,13,0
650.1017239703684,CARD,2,7,92.87167485290978,19.15863502723674,17,0
2606.379459023451,CASH,1,10,260.6379459023451,19.797560132078175,20,0
530.4097316723904,CARD,1,9,58.9344146302656,1.9396737859712943,21,0
8385.702233604949,CASH,16,58,144.58107299318877,0.0,4,1
2405.5057354060523,CARD,2,7,343.6436764865789,1.3196922406616007,7,0
521.0215196942022,UPI,2,5,104.20430393884044,6.417793381213624,14,0
927.0816058993913,CASH,2,10,92.70816058993913,5.075798302457302,21,0
905.3591616276917,CARD,2,6,150.89319360461528,16.14549930292729,7,0
910.6322450113378,CASH,2,6,151.77204083522295,19.554978959184982,8,0
14863.158422122913,CASH,10,33,450.3987400643307,51.468263488206716,10,1
1472.1637240179289,UPI,2,1,1472.1637240179289,18.70830799377866,22,0
